name,start_time,finish_time,duration,executed_at
OSDiversity,0.0,80.6156983150212,80.6156983150212,application
OSDiversity,200.7286087508594,281.264426154305,80.5358174034456,application
OSDiversity,400.9327242099399,481.33472887730585,80.40200466736593,application
OSDiversity,601.0095535781483,683.5327389254827,82.52318534733445,application
OSDiversity,802.1130241859574,882.3405770341519,80.22755284819448,application
OSDiversity,1002.776933505342,1083.2709368754558,80.49400337011389,application
OSDiversity,1203.842226176706,1284.8750983471336,81.03287217042771,application
OSDiversity,1405.1171301569825,1485.136585912196,80.01945575521358,application
OSDiversity,1605.5313560693755,1685.5471269961233,80.01577092674779,application
OSDiversity,1805.7823621770137,1885.9449606963983,80.16259851938457,application
OSDiversity,2006.95194183737,2087.0620489163207,80.1101070789507,application
OSDiversity,2207.326527743124,2287.8337434395476,80.50721569642337,application
OSDiversity,2408.388093153246,2491.454591554391,83.06649840114505,application
OSDiversity,2608.5863837239476,2688.59756337113,80.01117964718242,application
OSDiversity,2808.880595355892,2889.234781675048,80.35418631915581,application
OSDiversity,3009.733332449097,3090.0386540295044,80.30532158040751,application
OSDiversity,3209.739470008215,3291.134988578649,81.39551857043398,application
OSDiversity,3411.1334681840317,3493.1326459306297,81.99917774659798,application
OSDiversity,3611.657747855182,3692.0377741711986,80.38002631601648,application
OSDiversity,3812.8950744706904,3892.963022312367,80.06794784167641,application
OSDiversity,4012.967902030886,4093.3304385452334,80.36253651434754,application
OSDiversity,4213.6440621362935,4293.748400905538,80.10433876924435,application
OSDiversity,4414.475552418105,4494.763716044923,80.28816362681846,application
OSDiversity,4614.535446304078,4694.568021136278,80.03257483220023,application
OSDiversity,4814.770132538466,4894.787651330502,80.01751879203584,application
OSDiversity,5014.928493672326,5095.894289553893,80.96579588156692,application
OSDiversity,5215.022039141504,5295.775796794602,80.75375765309764,application
OSDiversity,5415.331141586983,5495.802013090045,80.47087150306197,application
OSDiversity,5615.779755735615,5696.276499850521,80.4967441149056,application
OSDiversity,5816.1091851159445,5896.186228743077,80.0770436271323,application
OSDiversity,6016.9110282503525,6097.394848628394,80.48382037804186,application
OSDiversity,6217.380778536981,6298.614278433258,81.23349989627695,application
OSDiversity,6418.4940590138485,6499.206752374965,80.71269336111618,application
OSDiversity,6618.7255816549705,6699.163425159808,80.43784350483747,application
OSDiversity,6818.774069628399,6899.031348108514,80.25727848011502,application
OSDiversity,7018.98207803285,7101.53766451291,82.5555864800599,application
OSDiversity,7220.337250105392,7300.896396628624,80.5591465232319,application
OSDiversity,7421.676231983871,7503.215945080579,81.53971309670851,application
OSDiversity,7621.679097722796,7703.833322481426,82.15422475863033,application
OSDiversity,7822.4253923454135,7902.628474689764,80.20308234435015,application
OSDiversity,8023.240313629579,8105.256943919461,82.01663028988241,application
OSDiversity,8223.312328578864,8303.404571499688,80.09224292082399,application
OSDiversity,8424.41549373682,8505.749531711715,81.33403797489518,application
OSDiversity,8624.671829407063,8704.691503157263,80.01967375019922,application
OSDiversity,8824.714972600112,8904.765516344165,80.05054374405336,application
OSDiversity,9024.75011531672,9105.012461247785,80.26234593106528,application
OSDiversity,9225.05278517001,9305.673462623552,80.62067745354216,application
OSDiversity,9426.871399382502,9507.223327353442,80.35192797093987,application
OSDiversity,9627.167203495263,9707.187256007146,80.02005251188348,application
OSDiversity,9827.725219353522,9907.780525611952,80.05530625842948,application
OSDiversity,10028.040175988664,10108.566333490067,80.52615750140285,application
OSDiversity,10228.340253176531,10308.38757360349,80.04732042695832,application
OSDiversity,10428.877671125763,10509.393980084986,80.51630895922244,application
OSDiversity,10629.205097548236,10709.289699335668,80.0846017874319,application
OSDiversity,10829.508940112297,10909.525068208593,80.0161280962966,application
OSDiversity,11030.121806126852,11110.167694323518,80.04588819666606,application
OSDiversity,11231.140584285744,11312.96648809991,81.82590381416594,application
OSDiversity,11431.20981878461,11511.322939927639,80.11312114302928,application
OSDiversity,11631.4964248665,11711.651450758884,80.15502589238349,application
OSDiversity,11831.850443045321,11911.931121267133,80.08067822181147,application
OSDiversity,12033.0478685389,12113.194144056526,80.14627551762533,application
OSDiversity,12233.957214565407,12314.307541368024,80.35032680261611,application
OSDiversity,12434.086723489545,12514.09508949175,80.00836600220464,application
OSDiversity,12634.472295338497,12714.984244219742,80.51194888124519,application
OSDiversity,12834.527995966806,12915.01525226986,80.48725630305489,application
OSDiversity,13034.775382015165,13114.997933493352,80.2225514781876,application
OSDiversity,13234.858420904282,13315.573587761319,80.71516685703682,application
OSDiversity,13435.90857987734,13516.52013762075,80.61155774341023,application
OSDiversity,13637.56662946885,13718.484768845648,80.91813937679763,application
OSDiversity,13837.681749479694,13918.74822900989,81.06647953019637,application
OSDiversity,14038.1785062463,14118.230612561732,80.05210631543196,application
OSDiversity,14239.001210557653,14319.3055022938,80.3042917361472,application
OSDiversity,14439.756653093453,14520.168299843888,80.41164675043547,application
OSDiversity,14639.84379652167,14720.480710621505,80.63691409983403,application
OSDiversity,14841.125439469342,14922.469480806343,81.34404133700082,application
