name,start_time,finish_time,duration,current_host,current_host_uuid,compromise_host,compromise_host_uuid,current_host_attempt,cumulative_attempts,cumulative_compromised_hosts,compromise_users,interrupted_in,interrupted_by
SCAN_HOST,0.0,5.0,5.0,-1,-1,None,None,0,0,0,[],None,None
ENUM_HOST,5.0,10.0,5.0,-1,-1,None,None,0,0,0,[],None,None
SCAN_PORT,10.0,35.0,25.0,0,698d7015-43ca-4a8c-8bc0-83458d073ef9,None,None,1,0,0,[],None,None
EXPLOIT_VULN,35.0,35.245566953450506,0.24556695345050628,0,698d7015-43ca-4a8c-8bc0-83458d073ef9,None,None,1,0,0,[],None,None
EXPLOIT_VULN,35.245566953450506,37.330151730693856,2.08458477724335,0,698d7015-43ca-4a8c-8bc0-83458d073ef9,None,None,1,1,0,[],None,None
EXPLOIT_VULN,37.330151730693856,44.353006881519,7.022855150825144,0,698d7015-43ca-4a8c-8bc0-83458d073ef9,None,None,1,2,0,[],None,None
EXPLOIT_VULN,44.353006881519,47.29147458382531,2.938467702306312,0,698d7015-43ca-4a8c-8bc0-83458d073ef9,None,None,1,3,0,[],None,None
EXPLOIT_VULN,47.29147458382531,52.97565673961733,5.684182155792016,0,698d7015-43ca-4a8c-8bc0-83458d073ef9,None,None,1,4,0,[],None,None
EXPLOIT_VULN,52.97565673961733,59.29321976296376,6.31756302334643,0,698d7015-43ca-4a8c-8bc0-83458d073ef9,None,None,1,5,0,[],None,None
EXPLOIT_VULN,59.29321976296376,62.1917901586855,2.898570395721741,0,698d7015-43ca-4a8c-8bc0-83458d073ef9,None,None,1,6,0,[],None,None
EXPLOIT_VULN,62.1917901586855,67.26187818784845,5.070088029162953,0,698d7015-43ca-4a8c-8bc0-83458d073ef9,None,None,1,7,0,[],None,None
EXPLOIT_VULN,67.26187818784845,71.09457217979858,3.832693991950123,0,698d7015-43ca-4a8c-8bc0-83458d073ef9,None,None,1,8,0,[],None,None
EXPLOIT_VULN,71.09457217979858,76.41688405496058,5.322311875162001,0,698d7015-43ca-4a8c-8bc0-83458d073ef9,None,None,1,9,0,[],None,None
EXPLOIT_VULN,76.41688405496058,84.29500744689811,7.878123391937535,0,698d7015-43ca-4a8c-8bc0-83458d073ef9,None,None,1,10,0,[],None,None
EXPLOIT_VULN,84.29500744689811,92.31114788516962,8.016140438271506,0,698d7015-43ca-4a8c-8bc0-83458d073ef9,None,None,1,11,0,[],None,None
BRUTE_FORCE,92.31114788516962,112.31114788516962,20.0,0,698d7015-43ca-4a8c-8bc0-83458d073ef9,None,None,1,12,0,[],None,None
ENUM_HOST,112.31114788516962,117.31114788516962,5.0,0,698d7015-43ca-4a8c-8bc0-83458d073ef9,None,None,1,12,0,[],None,None
SCAN_PORT,117.31114788516962,142.31114788516962,25.0,1,99446900-16f7-4b6e-9b1b-a553022cb242,None,None,1,12,0,[],None,None
EXPLOIT_VULN,142.31114788516962,144.4574712705155,2.1463233853458803,1,99446900-16f7-4b6e-9b1b-a553022cb242,None,None,1,12,0,[],None,None
EXPLOIT_VULN,144.4574712705155,152.46333928558033,8.005868015064834,1,99446900-16f7-4b6e-9b1b-a553022cb242,None,None,1,13,0,[],None,None
EXPLOIT_VULN,152.46333928558033,154.10144769004617,1.6381084044658394,1,99446900-16f7-4b6e-9b1b-a553022cb242,None,None,1,14,0,[],None,None
EXPLOIT_VULN,154.10144769004617,157.9669045335751,3.865456843528932,1,99446900-16f7-4b6e-9b1b-a553022cb242,None,None,1,15,0,[],None,None
EXPLOIT_VULN,157.9669045335751,166.47730839971973,8.510403866144628,1,99446900-16f7-4b6e-9b1b-a553022cb242,None,None,1,16,0,[],None,None
EXPLOIT_VULN,166.47730839971973,172.61163381461716,6.134325414897432,1,99446900-16f7-4b6e-9b1b-a553022cb242,None,None,1,17,0,[],None,None
EXPLOIT_VULN,172.61163381461716,180.61435282169595,8.002719007078781,1,99446900-16f7-4b6e-9b1b-a553022cb242,None,None,1,18,0,[],None,None
EXPLOIT_VULN,180.61435282169595,186.1161826009859,5.501829779289949,1,99446900-16f7-4b6e-9b1b-a553022cb242,None,None,1,19,0,[],None,None
EXPLOIT_VULN,186.1161826009859,189.92577936021667,3.8095967592307716,1,99446900-16f7-4b6e-9b1b-a553022cb242,None,None,1,20,0,[],None,None
EXPLOIT_VULN,189.92577936021667,194.99988086977112,5.074101509554453,1,99446900-16f7-4b6e-9b1b-a553022cb242,None,None,1,21,0,[],None,None
EXPLOIT_VULN,194.99988086977112,206.99158054966782,11.991699679896698,1,99446900-16f7-4b6e-9b1b-a553022cb242,None,None,1,22,0,[],None,None
EXPLOIT_VULN,206.99158054966782,212.25175461958725,5.2601740699194295,1,99446900-16f7-4b6e-9b1b-a553022cb242,None,None,1,23,0,[],None,None
EXPLOIT_VULN,212.25175461958725,216.14727199490324,3.8955173753159897,1,99446900-16f7-4b6e-9b1b-a553022cb242,1,99446900-16f7-4b6e-9b1b-a553022cb242,1,24,0,"['Jesse', 'Dari', 'Cilka', 'Raven', 'Grata']",None,None
SCAN_NEIGHBOR,216.14727199490324,221.14727199490324,5.0,1,99446900-16f7-4b6e-9b1b-a553022cb242,None,None,1,25,1,[],None,None
ENUM_HOST,221.14727199490324,226.14727199490324,5.0,1,99446900-16f7-4b6e-9b1b-a553022cb242,None,None,1,25,1,[],None,None
SCAN_PORT,226.14727199490324,251.14727199490324,25.0,17,033313fb-2846-4801-83a7-10f3f95f48ef,None,None,1,25,1,[],None,None
EXPLOIT_VULN,251.14727199490324,255.3882104521363,4.240938457233057,17,033313fb-2846-4801-83a7-10f3f95f48ef,None,None,1,25,1,[],None,None
EXPLOIT_VULN,255.3882104521363,259.782441439672,4.394230987535735,17,033313fb-2846-4801-83a7-10f3f95f48ef,None,None,1,26,1,[],None,None
EXPLOIT_VULN,259.782441439672,274.68566103602893,14.903219596356905,17,033313fb-2846-4801-83a7-10f3f95f48ef,None,None,1,27,1,[],None,None
EXPLOIT_VULN,274.68566103602893,285.97458042767545,11.288919391646516,17,033313fb-2846-4801-83a7-10f3f95f48ef,None,None,1,28,1,[],None,None
EXPLOIT_VULN,285.97458042767545,298.7920633552581,12.81748292758266,17,033313fb-2846-4801-83a7-10f3f95f48ef,None,None,1,29,1,[],None,None
EXPLOIT_VULN,298.7920633552581,309.750795157012,10.958731801753913,17,033313fb-2846-4801-83a7-10f3f95f48ef,None,None,1,30,1,[],None,None
EXPLOIT_VULN,309.750795157012,314.0022305042591,4.251435347247082,17,033313fb-2846-4801-83a7-10f3f95f48ef,None,None,1,31,1,[],None,None
EXPLOIT_VULN,314.0022305042591,333.11027221357284,19.10804170931374,17,033313fb-2846-4801-83a7-10f3f95f48ef,None,None,1,32,1,[],None,None
EXPLOIT_VULN,333.11027221357284,353.64217224842076,20.531900034847922,17,033313fb-2846-4801-83a7-10f3f95f48ef,None,None,1,33,1,[],None,None
EXPLOIT_VULN,353.64217224842076,358.8437481894977,5.201575941076953,17,033313fb-2846-4801-83a7-10f3f95f48ef,None,None,1,34,1,[],None,None
EXPLOIT_VULN,358.8437481894977,377.5895532835963,18.745805094098557,17,033313fb-2846-4801-83a7-10f3f95f48ef,None,None,1,35,1,[],None,None
BRUTE_FORCE,377.5895532835963,397.5895532835963,20.0,17,033313fb-2846-4801-83a7-10f3f95f48ef,None,None,1,36,1,[],None,None
ENUM_HOST,397.5895532835963,402.5895532835963,5.0,17,033313fb-2846-4801-83a7-10f3f95f48ef,None,None,1,36,1,[],None,None
SCAN_PORT,402.5895532835963,427.5895532835963,25.0,5,7c7858dd-e131-46cf-901b-6c5331bbeaae,None,None,1,36,1,[],None,None
EXPLOIT_VULN,427.5895532835963,431.1676617149514,3.5781084313551332,5,7c7858dd-e131-46cf-901b-6c5331bbeaae,None,None,1,36,1,[],None,None
EXPLOIT_VULN,431.1676617149514,436.7614525268014,5.593790811849999,5,7c7858dd-e131-46cf-901b-6c5331bbeaae,None,None,1,37,1,[],None,None
EXPLOIT_VULN,436.7614525268014,442.15797813019554,5.396525603394139,5,7c7858dd-e131-46cf-901b-6c5331bbeaae,None,None,1,38,1,[],None,None
EXPLOIT_VULN,442.15797813019554,449.8141614021532,7.656183271957673,5,7c7858dd-e131-46cf-901b-6c5331bbeaae,None,None,1,39,1,[],None,None
EXPLOIT_VULN,449.8141614021532,468.86742386481785,19.053262462664634,5,7c7858dd-e131-46cf-901b-6c5331bbeaae,None,None,1,40,1,[],None,None
EXPLOIT_VULN,468.86742386481785,477.66270354614346,8.79527968132561,5,7c7858dd-e131-46cf-901b-6c5331bbeaae,None,None,1,41,1,[],None,None
EXPLOIT_VULN,477.66270354614346,486.6753696934915,9.012666147348057,5,7c7858dd-e131-46cf-901b-6c5331bbeaae,5,7c7858dd-e131-46cf-901b-6c5331bbeaae,1,42,1,"['Glyn', 'Devon', 'Tiena', 'Danny', 'Kellina']",None,None
SCAN_NEIGHBOR,486.6753696934915,491.6753696934915,5.0,5,7c7858dd-e131-46cf-901b-6c5331bbeaae,None,None,1,43,2,[],None,None
ENUM_HOST,491.6753696934915,496.6753696934915,5.0,5,7c7858dd-e131-46cf-901b-6c5331bbeaae,None,None,1,43,2,[],None,None
SCAN_PORT,496.6753696934915,521.6753696934916,25.000000000000057,7,03c1b08f-f878-4bde-bbcb-360d042bda1c,None,None,1,43,2,[],None,None
EXPLOIT_VULN,521.6753696934916,522.5581802465321,0.8828105530404855,7,03c1b08f-f878-4bde-bbcb-360d042bda1c,None,None,1,43,2,[],None,None
EXPLOIT_VULN,522.5581802465321,524.1775236780251,1.6193434314930073,7,03c1b08f-f878-4bde-bbcb-360d042bda1c,None,None,1,44,2,[],None,None
EXPLOIT_VULN,524.1775236780251,528.0464853894618,3.868961711436782,7,03c1b08f-f878-4bde-bbcb-360d042bda1c,None,None,1,45,2,[],None,None
EXPLOIT_VULN,528.0464853894618,544.240730203776,16.194244814314175,7,03c1b08f-f878-4bde-bbcb-360d042bda1c,None,None,1,46,2,[],None,None
EXPLOIT_VULN,544.240730203776,561.1854154424555,16.944685238679426,7,03c1b08f-f878-4bde-bbcb-360d042bda1c,None,None,1,47,2,[],None,None
EXPLOIT_VULN,561.1854154424555,562.9345600471544,1.7491446046989267,7,03c1b08f-f878-4bde-bbcb-360d042bda1c,None,None,1,48,2,[],None,None
EXPLOIT_VULN,562.9345600471544,564.6615661352006,1.7270060880462097,7,03c1b08f-f878-4bde-bbcb-360d042bda1c,None,None,1,49,2,[],None,None
EXPLOIT_VULN,564.6615661352006,567.97267278337,3.311106648169357,7,03c1b08f-f878-4bde-bbcb-360d042bda1c,None,None,1,50,2,[],None,None
EXPLOIT_VULN,567.97267278337,570.4052823621121,2.432609578742131,7,03c1b08f-f878-4bde-bbcb-360d042bda1c,None,None,1,51,2,[],None,None
EXPLOIT_VULN,570.4052823621121,573.5567759634218,3.1514936013097667,7,03c1b08f-f878-4bde-bbcb-360d042bda1c,None,None,1,52,2,[],None,None
EXPLOIT_VULN,573.5567759634218,574.1665447080978,0.6097687446759892,7,03c1b08f-f878-4bde-bbcb-360d042bda1c,None,None,1,53,2,[],None,None
EXPLOIT_VULN,574.1665447080978,576.0499237125688,1.883379004470953,7,03c1b08f-f878-4bde-bbcb-360d042bda1c,None,None,1,54,2,[],None,None
EXPLOIT_VULN,576.0499237125688,584.4537587821064,8.40383506953765,7,03c1b08f-f878-4bde-bbcb-360d042bda1c,None,None,1,55,2,[],None,None
EXPLOIT_VULN,584.4537587821064,585.3904595322037,0.9367007500973159,7,03c1b08f-f878-4bde-bbcb-360d042bda1c,None,None,1,56,2,[],None,None
EXPLOIT_VULN,585.3904595322037,588.6920913009089,3.3016317687051924,7,03c1b08f-f878-4bde-bbcb-360d042bda1c,None,None,1,57,2,[],None,None
EXPLOIT_VULN,588.6920913009089,595.4320856627611,6.739994361852155,7,03c1b08f-f878-4bde-bbcb-360d042bda1c,None,None,1,58,2,[],None,None
EXPLOIT_VULN,595.4320856627611,603.9719546675814,8.539869004820275,7,03c1b08f-f878-4bde-bbcb-360d042bda1c,None,None,1,59,2,[],None,None
EXPLOIT_VULN,603.9719546675814,612.6330462038115,8.661091536230174,7,03c1b08f-f878-4bde-bbcb-360d042bda1c,None,None,1,60,2,[],None,None
EXPLOIT_VULN,612.6330462038115,616.652868946455,4.019822742643441,7,03c1b08f-f878-4bde-bbcb-360d042bda1c,None,None,1,61,2,[],None,None
EXPLOIT_VULN,616.652868946455,620.4150063452065,3.76213739875152,7,03c1b08f-f878-4bde-bbcb-360d042bda1c,None,None,1,62,2,[],None,None
EXPLOIT_VULN,620.4150063452065,633.7257196875839,13.310713342377426,7,03c1b08f-f878-4bde-bbcb-360d042bda1c,None,None,1,63,2,[],None,None
EXPLOIT_VULN,633.7257196875839,638.6585029095742,4.932783221990235,7,03c1b08f-f878-4bde-bbcb-360d042bda1c,None,None,1,64,2,[],None,None
EXPLOIT_VULN,638.6585029095742,644.1966233869082,5.538120477334019,7,03c1b08f-f878-4bde-bbcb-360d042bda1c,None,None,1,65,2,[],None,None
EXPLOIT_VULN,644.1966233869082,657.8198797097787,13.623256322870475,7,03c1b08f-f878-4bde-bbcb-360d042bda1c,None,None,1,66,2,[],None,None
EXPLOIT_VULN,657.8198797097787,674.6689153234092,16.849035613630576,7,03c1b08f-f878-4bde-bbcb-360d042bda1c,None,None,1,67,2,[],None,None
EXPLOIT_VULN,674.6689153234092,693.9392757908098,19.270360467400565,7,03c1b08f-f878-4bde-bbcb-360d042bda1c,None,None,1,68,2,[],None,None
EXPLOIT_VULN,693.9392757908098,699.6786042791473,5.739328488337492,7,03c1b08f-f878-4bde-bbcb-360d042bda1c,None,None,1,69,2,[],None,None
EXPLOIT_VULN,699.6786042791473,707.8234562939547,8.144852014807384,7,03c1b08f-f878-4bde-bbcb-360d042bda1c,None,None,1,70,2,[],None,None
EXPLOIT_VULN,707.8234562939547,716.3266499655351,8.503193671580448,7,03c1b08f-f878-4bde-bbcb-360d042bda1c,None,None,1,71,2,[],None,None
EXPLOIT_VULN,716.3266499655351,724.8403674346533,8.513717469118205,7,03c1b08f-f878-4bde-bbcb-360d042bda1c,None,None,1,72,2,[],None,None
EXPLOIT_VULN,724.8403674346533,733.5274206648072,8.687053230153879,7,03c1b08f-f878-4bde-bbcb-360d042bda1c,None,None,1,73,2,[],None,None
EXPLOIT_VULN,733.5274206648072,736.5329946976125,3.0055740328052707,7,03c1b08f-f878-4bde-bbcb-360d042bda1c,None,None,1,74,2,[],None,None
EXPLOIT_VULN,736.5329946976125,742.2695490499542,5.736554352341727,7,03c1b08f-f878-4bde-bbcb-360d042bda1c,None,None,1,75,2,[],None,None
EXPLOIT_VULN,742.2695490499542,745.6964383882913,3.426889338337105,7,03c1b08f-f878-4bde-bbcb-360d042bda1c,None,None,1,76,2,[],None,None
EXPLOIT_VULN,745.6964383882913,750.5645482538021,4.868109865510746,7,03c1b08f-f878-4bde-bbcb-360d042bda1c,None,None,1,77,2,[],None,None
EXPLOIT_VULN,750.5645482538021,758.7315601391539,8.167011885351826,7,03c1b08f-f878-4bde-bbcb-360d042bda1c,None,None,1,78,2,[],None,None
EXPLOIT_VULN,758.7315601391539,764.7768186079791,6.045258468825182,7,03c1b08f-f878-4bde-bbcb-360d042bda1c,None,None,1,79,2,[],None,None
EXPLOIT_VULN,764.7768186079791,767.1347355650473,2.357916957068255,7,03c1b08f-f878-4bde-bbcb-360d042bda1c,None,None,1,80,2,[],None,None
EXPLOIT_VULN,767.1347355650473,769.8687308239013,2.733995258853952,7,03c1b08f-f878-4bde-bbcb-360d042bda1c,None,None,1,81,2,[],None,None
EXPLOIT_VULN,769.8687308239013,773.1993888927586,3.3306580688573604,7,03c1b08f-f878-4bde-bbcb-360d042bda1c,None,None,1,82,2,[],None,None
EXPLOIT_VULN,773.1993888927586,785.3781699987023,12.178781105943699,7,03c1b08f-f878-4bde-bbcb-360d042bda1c,None,None,1,83,2,[],None,None
EXPLOIT_VULN,785.3781699987023,786.7013423783435,1.3231723796411643,7,03c1b08f-f878-4bde-bbcb-360d042bda1c,None,None,1,84,2,[],None,None
EXPLOIT_VULN,786.7013423783435,788.8868599267829,2.1855175484394067,7,03c1b08f-f878-4bde-bbcb-360d042bda1c,None,None,1,85,2,[],None,None
EXPLOIT_VULN,788.8868599267829,798.0591185522642,9.172258625481277,7,03c1b08f-f878-4bde-bbcb-360d042bda1c,None,None,1,86,2,[],None,None
EXPLOIT_VULN,798.0591185522642,807.3364524449842,9.27733389271998,7,03c1b08f-f878-4bde-bbcb-360d042bda1c,None,None,1,87,2,[],None,None
EXPLOIT_VULN,807.3364524449842,812.4117429489175,5.075290503933388,7,03c1b08f-f878-4bde-bbcb-360d042bda1c,7,03c1b08f-f878-4bde-bbcb-360d042bda1c,1,88,2,"['Jacklin', 'Elvera', 'Minne']",None,None
SCAN_NEIGHBOR,812.4117429489175,817.4117429489175,5.0,7,03c1b08f-f878-4bde-bbcb-360d042bda1c,None,None,1,89,3,[],None,None
ENUM_HOST,817.4117429489175,822.4117429489175,5.0,7,03c1b08f-f878-4bde-bbcb-360d042bda1c,None,None,1,89,3,[],None,None
SCAN_PORT,822.4117429489175,847.4117429489175,25.0,11,27e59afc-d191-4930-92d6-fe12d68f7e26,None,None,1,89,3,[],None,None
EXPLOIT_VULN,847.4117429489175,848.0003849799484,0.5886420310308722,11,27e59afc-d191-4930-92d6-fe12d68f7e26,None,None,1,89,3,[],None,None
EXPLOIT_VULN,848.0003849799484,849.906542936249,1.9061579563006035,11,27e59afc-d191-4930-92d6-fe12d68f7e26,None,None,1,90,3,[],None,None
EXPLOIT_VULN,849.906542936249,852.2317357290091,2.325192792760049,11,27e59afc-d191-4930-92d6-fe12d68f7e26,None,None,1,91,3,[],None,None
EXPLOIT_VULN,852.2317357290091,861.9684179560865,9.736682227077381,11,27e59afc-d191-4930-92d6-fe12d68f7e26,None,None,1,92,3,[],None,None
EXPLOIT_VULN,861.9684179560865,868.1205334837695,6.152115527683009,11,27e59afc-d191-4930-92d6-fe12d68f7e26,None,None,1,93,3,[],None,None
EXPLOIT_VULN,868.1205334837695,870.8380842497317,2.717550765962187,11,27e59afc-d191-4930-92d6-fe12d68f7e26,None,None,1,94,3,[],None,None
EXPLOIT_VULN,870.8380842497317,874.3676587857128,3.529574535981169,11,27e59afc-d191-4930-92d6-fe12d68f7e26,None,None,1,95,3,[],None,None
EXPLOIT_VULN,874.3676587857128,888.8238327418031,14.45617395609031,11,27e59afc-d191-4930-92d6-fe12d68f7e26,None,None,1,96,3,[],None,None
EXPLOIT_VULN,888.8238327418031,895.2362256698871,6.412392928083932,11,27e59afc-d191-4930-92d6-fe12d68f7e26,None,None,1,97,3,[],None,None
EXPLOIT_VULN,895.2362256698871,901.8726081380509,6.636382468163788,11,27e59afc-d191-4930-92d6-fe12d68f7e26,None,None,1,98,3,[],None,None
EXPLOIT_VULN,901.8726081380509,903.8534819298292,1.980873791778322,11,27e59afc-d191-4930-92d6-fe12d68f7e26,None,None,1,99,3,[],None,None
EXPLOIT_VULN,903.8534819298292,905.1750301480245,1.3215482181952893,11,27e59afc-d191-4930-92d6-fe12d68f7e26,None,None,1,100,3,[],None,None
EXPLOIT_VULN,905.1750301480245,921.1414221144512,15.966391966426727,11,27e59afc-d191-4930-92d6-fe12d68f7e26,None,None,1,101,3,[],None,None
EXPLOIT_VULN,921.1414221144512,927.7868033840554,6.645381269604172,11,27e59afc-d191-4930-92d6-fe12d68f7e26,None,None,1,102,3,[],None,None
EXPLOIT_VULN,927.7868033840554,931.1278076828936,3.341004298838243,11,27e59afc-d191-4930-92d6-fe12d68f7e26,None,None,1,103,3,[],None,None
EXPLOIT_VULN,931.1278076828936,936.9987365982324,5.870928915338823,11,27e59afc-d191-4930-92d6-fe12d68f7e26,None,None,1,104,3,[],None,None
EXPLOIT_VULN,936.9987365982324,942.8267811254077,5.82804452717528,11,27e59afc-d191-4930-92d6-fe12d68f7e26,None,None,1,105,3,[],None,None
EXPLOIT_VULN,942.8267811254077,949.6826245498773,6.85584342446964,11,27e59afc-d191-4930-92d6-fe12d68f7e26,None,None,1,106,3,[],None,None
EXPLOIT_VULN,949.6826245498773,954.368394530873,4.685769980995701,11,27e59afc-d191-4930-92d6-fe12d68f7e26,None,None,1,107,3,[],None,None
EXPLOIT_VULN,954.368394530873,958.7541750910226,4.385780560149556,11,27e59afc-d191-4930-92d6-fe12d68f7e26,None,None,1,108,3,[],None,None
EXPLOIT_VULN,958.7541750910226,960.9316976128772,2.1775225218545984,11,27e59afc-d191-4930-92d6-fe12d68f7e26,None,None,1,109,3,[],None,None
EXPLOIT_VULN,960.9316976128772,982.5400137881574,21.60831617528015,11,27e59afc-d191-4930-92d6-fe12d68f7e26,None,None,1,110,3,[],None,None
EXPLOIT_VULN,982.5400137881574,990.8827507977613,8.34273700960398,11,27e59afc-d191-4930-92d6-fe12d68f7e26,None,None,1,111,3,[],None,None
EXPLOIT_VULN,990.8827507977613,999.1478513217777,8.265100524016361,11,27e59afc-d191-4930-92d6-fe12d68f7e26,11,27e59afc-d191-4930-92d6-fe12d68f7e26,1,112,3,"['Nikkie', 'Eadith', 'Esmeralda', 'Kirstyn', 'Corine']",None,None
SCAN_NEIGHBOR,999.1478513217777,1004.1478513217777,5.0,11,27e59afc-d191-4930-92d6-fe12d68f7e26,None,None,1,113,4,[],None,None
ENUM_HOST,1004.1478513217777,1009.1478513217777,5.0,11,27e59afc-d191-4930-92d6-fe12d68f7e26,None,None,1,113,4,[],None,None
SCAN_PORT,1009.1478513217777,1034.1478513217776,24.999999999999886,12,468ec7b5-e245-42a1-bd26-ef095c421546,None,None,1,113,4,[],None,None
EXPLOIT_VULN,1034.1478513217776,1036.0463191062515,1.8984677844739508,12,468ec7b5-e245-42a1-bd26-ef095c421546,None,None,1,113,4,[],None,None
EXPLOIT_VULN,1036.0463191062515,1042.520295354945,6.473976248693361,12,468ec7b5-e245-42a1-bd26-ef095c421546,None,None,1,114,4,[],None,None
EXPLOIT_VULN,1042.520295354945,1044.292627881375,1.772332526430091,12,468ec7b5-e245-42a1-bd26-ef095c421546,None,None,1,115,4,[],None,None
EXPLOIT_VULN,1044.292627881375,1051.1856738452973,6.8930459639223045,12,468ec7b5-e245-42a1-bd26-ef095c421546,None,None,1,116,4,[],None,None
EXPLOIT_VULN,1051.1856738452973,1073.27057566489,22.084901819592687,12,468ec7b5-e245-42a1-bd26-ef095c421546,None,None,1,117,4,[],None,None
EXPLOIT_VULN,1073.27057566489,1086.070111844589,12.79953617969909,12,468ec7b5-e245-42a1-bd26-ef095c421546,None,None,1,118,4,[],None,None
EXPLOIT_VULN,1086.070111844589,1091.7294430417203,5.659331197131223,12,468ec7b5-e245-42a1-bd26-ef095c421546,None,None,1,119,4,[],None,None
EXPLOIT_VULN,1091.7294430417203,1096.533824703396,4.804381661675734,12,468ec7b5-e245-42a1-bd26-ef095c421546,None,None,1,120,4,[],None,None
EXPLOIT_VULN,1096.533824703396,1105.0561022221393,8.522277518743294,12,468ec7b5-e245-42a1-bd26-ef095c421546,None,None,1,121,4,[],None,None
EXPLOIT_VULN,1105.0561022221393,1108.0787055936294,3.0226033714900495,12,468ec7b5-e245-42a1-bd26-ef095c421546,None,None,1,122,4,[],None,None
EXPLOIT_VULN,1108.0787055936294,1111.0761820746543,2.9974764810249326,12,468ec7b5-e245-42a1-bd26-ef095c421546,12,468ec7b5-e245-42a1-bd26-ef095c421546,1,123,4,"['Jennine', 'Maureene']",None,None
SCAN_NEIGHBOR,1111.0761820746543,1116.0761820746543,5.0,12,468ec7b5-e245-42a1-bd26-ef095c421546,None,None,1,124,5,[],None,None
ENUM_HOST,1116.0761820746543,1121.0761820746543,5.0,12,468ec7b5-e245-42a1-bd26-ef095c421546,None,None,1,124,5,[],None,None
ENUM_HOST,1121.0761820746543,1126.0761820746543,5.0,5,7c7858dd-e131-46cf-901b-6c5331bbeaae,None,None,2,124,5,[],None,None
SCAN_PORT,1126.0761820746543,1151.0761820746543,25.0,8,3bd23af4-69c7-41ea-ad90-9c3fd733b945,None,None,1,124,5,[],None,None
EXPLOIT_VULN,1151.0761820746543,1158.541302889067,7.465120814412785,8,3bd23af4-69c7-41ea-ad90-9c3fd733b945,8,3bd23af4-69c7-41ea-ad90-9c3fd733b945,1,124,5,"['Wenda', 'Sandye', 'Elspeth', 'Rozella']",None,None
SCAN_NEIGHBOR,1158.541302889067,1163.541302889067,5.0,8,3bd23af4-69c7-41ea-ad90-9c3fd733b945,None,None,1,125,6,[],None,None
ENUM_HOST,1163.541302889067,1168.541302889067,5.0,8,3bd23af4-69c7-41ea-ad90-9c3fd733b945,None,None,1,125,6,[],None,None
SCAN_PORT,1168.541302889067,1193.541302889067,25.0,9,22c56bf8-a568-49e1-a4dc-a9ff85f1780a,None,None,1,125,6,[],None,None
EXPLOIT_VULN,1193.541302889067,1201.3433494569788,7.802046567911702,9,22c56bf8-a568-49e1-a4dc-a9ff85f1780a,9,22c56bf8-a568-49e1-a4dc-a9ff85f1780a,1,125,6,"['Bambi', 'Janessa', 'Celesta']",None,None
SCAN_NEIGHBOR,1201.3433494569788,1206.3433494569788,5.0,9,22c56bf8-a568-49e1-a4dc-a9ff85f1780a,None,None,1,126,7,[],None,None
ENUM_HOST,1206.3433494569788,1211.3433494569788,5.0,9,22c56bf8-a568-49e1-a4dc-a9ff85f1780a,None,None,1,126,7,[],None,None
ENUM_HOST,1211.3433494569788,1216.3433494569788,5.0,8,3bd23af4-69c7-41ea-ad90-9c3fd733b945,None,None,2,126,7,[],None,None
ENUM_HOST,1216.3433494569788,1221.3433494569788,5.0,11,27e59afc-d191-4930-92d6-fe12d68f7e26,None,None,2,126,7,[],None,None
ENUM_HOST,1221.3433494569788,1226.3433494569788,5.0,5,7c7858dd-e131-46cf-901b-6c5331bbeaae,None,None,3,126,7,[],None,None
SCAN_PORT,1226.3433494569788,1251.3433494569788,25.0,13,a7ba88a0-30fb-4a9a-8040-f025d29152c1,13,a7ba88a0-30fb-4a9a-8040-f025d29152c1,1,126,7,[],None,None
SCAN_NEIGHBOR,1251.3433494569788,1256.3433494569788,5.0,13,a7ba88a0-30fb-4a9a-8040-f025d29152c1,None,None,1,126,8,[],None,None
ENUM_HOST,1256.3433494569788,1261.3433494569788,5.0,13,a7ba88a0-30fb-4a9a-8040-f025d29152c1,None,None,1,126,8,[],None,None
ENUM_HOST,1261.3433494569788,1266.3433494569788,5.0,5,7c7858dd-e131-46cf-901b-6c5331bbeaae,None,None,4,126,8,[],None,None
SCAN_PORT,1266.3433494569788,1291.3433494569788,25.0,14,0b2acf15-52eb-4e26-9f6d-542b9bd006da,14,0b2acf15-52eb-4e26-9f6d-542b9bd006da,1,126,8,[],None,None
SCAN_NEIGHBOR,1291.3433494569788,1296.3433494569788,5.0,14,0b2acf15-52eb-4e26-9f6d-542b9bd006da,None,None,1,126,9,[],None,None
ENUM_HOST,1296.3433494569788,1301.3433494569788,5.0,14,0b2acf15-52eb-4e26-9f6d-542b9bd006da,None,None,1,126,9,[],None,None
ENUM_HOST,1301.3433494569788,1306.3433494569788,5.0,5,7c7858dd-e131-46cf-901b-6c5331bbeaae,None,None,5,126,9,[],None,None
ENUM_HOST,1306.3433494569788,1311.3433494569788,5.0,8,3bd23af4-69c7-41ea-ad90-9c3fd733b945,None,None,3,126,9,[],None,None
SCAN_PORT,1311.3433494569788,1336.3433494569788,25.0,6,b898909b-d788-4bc5-ae7c-231ad4deb3be,None,None,1,126,9,[],None,None
EXPLOIT_VULN,1336.3433494569788,1338.5062319754343,2.16288251845549,6,b898909b-d788-4bc5-ae7c-231ad4deb3be,None,None,1,126,9,[],None,None
EXPLOIT_VULN,1338.5062319754343,1340.936495905744,2.4302639303098204,6,b898909b-d788-4bc5-ae7c-231ad4deb3be,None,None,1,127,9,[],None,None
EXPLOIT_VULN,1340.936495905744,1347.9920608418356,7.055564936091514,6,b898909b-d788-4bc5-ae7c-231ad4deb3be,None,None,1,128,9,[],None,None
EXPLOIT_VULN,1347.9920608418356,1354.2946323523024,6.302571510466805,6,b898909b-d788-4bc5-ae7c-231ad4deb3be,None,None,1,129,9,[],None,None
EXPLOIT_VULN,1354.2946323523024,1361.1060122031413,6.811379850838875,6,b898909b-d788-4bc5-ae7c-231ad4deb3be,None,None,1,130,9,[],None,None
EXPLOIT_VULN,1361.1060122031413,1364.3038427240608,3.197830520919524,6,b898909b-d788-4bc5-ae7c-231ad4deb3be,None,None,1,131,9,[],None,None
EXPLOIT_VULN,1364.3038427240608,1369.6887480147575,5.384905290696679,6,b898909b-d788-4bc5-ae7c-231ad4deb3be,6,b898909b-d788-4bc5-ae7c-231ad4deb3be,1,132,9,"['Engracia', 'Tonye', 'Dulcy']",None,None
SCAN_NEIGHBOR,1369.6887480147575,1374.6887480147575,5.0,6,b898909b-d788-4bc5-ae7c-231ad4deb3be,None,None,1,133,10,[],None,None
ENUM_HOST,1374.6887480147575,1379.6887480147575,5.0,6,b898909b-d788-4bc5-ae7c-231ad4deb3be,None,None,1,133,10,[],None,None
ENUM_HOST,1379.6887480147575,1384.6887480147575,5.0,8,3bd23af4-69c7-41ea-ad90-9c3fd733b945,None,None,4,133,10,[],None,None
ENUM_HOST,1384.6887480147575,1389.6887480147575,5.0,9,22c56bf8-a568-49e1-a4dc-a9ff85f1780a,None,None,2,133,10,[],None,None
ENUM_HOST,1389.6887480147575,1394.6887480147575,5.0,5,7c7858dd-e131-46cf-901b-6c5331bbeaae,None,None,6,133,10,[],None,None
SCAN_PORT,1394.6887480147575,1419.6887480147575,25.0,10,e7b92270-d222-4e52-be76-c4b2f0e897e1,None,None,1,133,10,[],None,None
EXPLOIT_VULN,1419.6887480147575,1431.8407089646607,12.151960949903241,10,e7b92270-d222-4e52-be76-c4b2f0e897e1,10,e7b92270-d222-4e52-be76-c4b2f0e897e1,1,133,10,"['Claudine', 'Celestia', 'Kippie']",None,None
SCAN_NEIGHBOR,1431.8407089646607,1436.8407089646607,5.0,10,e7b92270-d222-4e52-be76-c4b2f0e897e1,None,None,1,134,11,[],None,None
ENUM_HOST,1436.8407089646607,1441.8407089646607,5.0,10,e7b92270-d222-4e52-be76-c4b2f0e897e1,None,None,1,134,11,[],None,None
ENUM_HOST,1441.8407089646607,1446.8407089646607,5.0,6,b898909b-d788-4bc5-ae7c-231ad4deb3be,None,None,2,134,11,[],None,None
ENUM_HOST,1446.8407089646607,1451.8407089646607,5.0,9,22c56bf8-a568-49e1-a4dc-a9ff85f1780a,None,None,3,134,11,[],None,None
SCAN_PORT,1451.8407089646607,1476.8407089646607,25.0,25,bf70196e-8eac-49c1-b0b1-26e58d0a599b,None,None,1,134,11,[],None,None
EXPLOIT_VULN,1476.8407089646607,1477.5478879975556,0.7071790328948282,25,bf70196e-8eac-49c1-b0b1-26e58d0a599b,None,None,1,134,11,[],None,None
EXPLOIT_VULN,1477.5478879975556,1483.5014519682838,5.953563970728283,25,bf70196e-8eac-49c1-b0b1-26e58d0a599b,None,None,1,135,11,[],None,None
EXPLOIT_VULN,1483.5014519682838,1486.3414072267487,2.8399552584648973,25,bf70196e-8eac-49c1-b0b1-26e58d0a599b,None,None,1,136,11,[],None,None
EXPLOIT_VULN,1486.3414072267487,1496.2014678377313,9.8600606109826,25,bf70196e-8eac-49c1-b0b1-26e58d0a599b,None,None,1,137,11,[],None,None
EXPLOIT_VULN,1496.2014678377313,1504.0937729347404,7.892305097009057,25,bf70196e-8eac-49c1-b0b1-26e58d0a599b,None,None,1,138,11,[],None,None
EXPLOIT_VULN,1504.0937729347404,1504.9192413555556,0.8254684208152412,25,bf70196e-8eac-49c1-b0b1-26e58d0a599b,None,None,1,139,11,[],None,None
EXPLOIT_VULN,1504.9192413555556,1508.1607847422922,3.2415433867365664,25,bf70196e-8eac-49c1-b0b1-26e58d0a599b,None,None,1,140,11,[],None,None
EXPLOIT_VULN,1508.1607847422922,1512.9920832231683,4.8312984808760575,25,bf70196e-8eac-49c1-b0b1-26e58d0a599b,None,None,1,141,11,[],None,None
EXPLOIT_VULN,1512.9920832231683,1518.6059987357617,5.613915512593394,25,bf70196e-8eac-49c1-b0b1-26e58d0a599b,None,None,1,142,11,[],None,None
EXPLOIT_VULN,1518.6059987357617,1539.1723823321227,20.566383596360993,25,bf70196e-8eac-49c1-b0b1-26e58d0a599b,None,None,1,143,11,[],None,None
EXPLOIT_VULN,1539.1723823321227,1541.310466389645,2.138084057522292,25,bf70196e-8eac-49c1-b0b1-26e58d0a599b,None,None,1,144,11,[],None,None
EXPLOIT_VULN,1541.310466389645,1547.3606865694303,6.050220179785356,25,bf70196e-8eac-49c1-b0b1-26e58d0a599b,None,None,1,145,11,[],None,None
EXPLOIT_VULN,1547.3606865694303,1567.5219875879652,20.161301018534914,25,bf70196e-8eac-49c1-b0b1-26e58d0a599b,None,None,1,146,11,[],None,None
EXPLOIT_VULN,1567.5219875879652,1577.305017296661,9.783029708695722,25,bf70196e-8eac-49c1-b0b1-26e58d0a599b,25,bf70196e-8eac-49c1-b0b1-26e58d0a599b,1,147,11,"['Ronalda', 'Maura']",None,None
SCAN_NEIGHBOR,1577.305017296661,1582.305017296661,5.0,25,bf70196e-8eac-49c1-b0b1-26e58d0a599b,None,None,1,148,12,[],None,None
ENUM_HOST,1582.305017296661,1587.305017296661,5.0,25,bf70196e-8eac-49c1-b0b1-26e58d0a599b,None,None,1,148,12,[],None,None
SCAN_PORT,1587.305017296661,1612.305017296661,25.0,19,d251d469-a4b9-4959-945f-294222864a01,None,None,1,148,12,[],None,None
EXPLOIT_VULN,1612.305017296661,1612.6227870469434,0.31776975028242305,19,d251d469-a4b9-4959-945f-294222864a01,None,None,1,148,12,[],None,None
EXPLOIT_VULN,1612.6227870469434,1613.737248792792,1.11446174584853,19,d251d469-a4b9-4959-945f-294222864a01,None,None,1,149,12,[],None,None
EXPLOIT_VULN,1613.737248792792,1618.0860720679468,4.348823275154928,19,d251d469-a4b9-4959-945f-294222864a01,None,None,1,150,12,[],None,None
EXPLOIT_VULN,1618.0860720679468,1626.404765264593,8.318693196646109,19,d251d469-a4b9-4959-945f-294222864a01,None,None,1,151,12,[],None,None
EXPLOIT_VULN,1626.404765264593,1630.0922240586551,3.687458794062195,19,d251d469-a4b9-4959-945f-294222864a01,None,None,1,152,12,[],None,None
EXPLOIT_VULN,1630.0922240586551,1630.6167075086287,0.5244834499735589,19,d251d469-a4b9-4959-945f-294222864a01,None,None,1,153,12,[],None,None
EXPLOIT_VULN,1630.6167075086287,1632.0076585968031,1.390951088174461,19,d251d469-a4b9-4959-945f-294222864a01,None,None,1,154,12,[],None,None
EXPLOIT_VULN,1632.0076585968031,1635.7354733397922,3.7278147429890396,19,d251d469-a4b9-4959-945f-294222864a01,None,None,1,155,12,[],None,None
EXPLOIT_VULN,1635.7354733397922,1641.173030051316,5.437556711523712,19,d251d469-a4b9-4959-945f-294222864a01,None,None,1,156,12,[],None,None
EXPLOIT_VULN,1641.173030051316,1642.754346562079,1.5813165107631448,19,d251d469-a4b9-4959-945f-294222864a01,None,None,1,157,12,[],None,None
EXPLOIT_VULN,1642.754346562079,1645.2425083301523,2.488161768073269,19,d251d469-a4b9-4959-945f-294222864a01,None,None,1,158,12,[],None,None
EXPLOIT_VULN,1645.2425083301523,1649.387040398254,4.1445320681016256,19,d251d469-a4b9-4959-945f-294222864a01,None,None,1,159,12,[],None,None
EXPLOIT_VULN,1649.387040398254,1652.3096540424026,2.9226136441486688,19,d251d469-a4b9-4959-945f-294222864a01,None,None,1,160,12,[],None,None
EXPLOIT_VULN,1652.3096540424026,1658.2275917419788,5.917937699576214,19,d251d469-a4b9-4959-945f-294222864a01,None,None,1,161,12,[],None,None
EXPLOIT_VULN,1658.2275917419788,1659.6106682211864,1.3830764792076025,19,d251d469-a4b9-4959-945f-294222864a01,None,None,1,162,12,[],None,None
EXPLOIT_VULN,1659.6106682211864,1665.8665542469726,6.25588602578614,19,d251d469-a4b9-4959-945f-294222864a01,None,None,1,163,12,[],None,None
EXPLOIT_VULN,1665.8665542469726,1675.1050689888323,9.238514741859717,19,d251d469-a4b9-4959-945f-294222864a01,None,None,1,164,12,[],None,None
EXPLOIT_VULN,1675.1050689888323,1680.232621086577,5.127552097744683,19,d251d469-a4b9-4959-945f-294222864a01,None,None,1,165,12,[],None,None
EXPLOIT_VULN,1680.232621086577,1683.5643690966695,3.3317480100924968,19,d251d469-a4b9-4959-945f-294222864a01,None,None,1,166,12,[],None,None
EXPLOIT_VULN,1683.5643690966695,1688.8300703003606,5.265701203691151,19,d251d469-a4b9-4959-945f-294222864a01,None,None,1,167,12,[],None,None
EXPLOIT_VULN,1688.8300703003606,1691.7828326130875,2.952762312726918,19,d251d469-a4b9-4959-945f-294222864a01,None,None,1,168,12,[],None,None
EXPLOIT_VULN,1691.7828326130875,1696.4595971287004,4.676764515612831,19,d251d469-a4b9-4959-945f-294222864a01,None,None,1,169,12,[],None,None
EXPLOIT_VULN,1696.4595971287004,1717.0782575837977,20.61866045509737,19,d251d469-a4b9-4959-945f-294222864a01,None,None,1,170,12,[],None,None
EXPLOIT_VULN,1717.0782575837977,1738.6046513867152,21.526393802917482,19,d251d469-a4b9-4959-945f-294222864a01,None,None,1,171,12,[],None,None
EXPLOIT_VULN,1738.6046513867152,1740.3490697091318,1.74441832241655,19,d251d469-a4b9-4959-945f-294222864a01,None,None,1,172,12,[],None,None
EXPLOIT_VULN,1740.3490697091318,1748.215845762728,7.866776053596141,19,d251d469-a4b9-4959-945f-294222864a01,None,None,1,173,12,[],None,None
EXPLOIT_VULN,1748.215845762728,1766.490581111656,18.27473534892806,19,d251d469-a4b9-4959-945f-294222864a01,None,None,1,174,12,[],None,None
EXPLOIT_VULN,1766.490581111656,1774.3795836571662,7.889002545510266,19,d251d469-a4b9-4959-945f-294222864a01,None,None,1,175,12,[],None,None
EXPLOIT_VULN,1774.3795836571662,1796.3260068582154,21.94642320104913,19,d251d469-a4b9-4959-945f-294222864a01,19,d251d469-a4b9-4959-945f-294222864a01,1,176,12,"['Melisa', 'Jean', 'Addy']",None,None
SCAN_NEIGHBOR,1796.3260068582154,1801.3260068582154,5.0,19,d251d469-a4b9-4959-945f-294222864a01,None,None,1,177,13,[],None,None
ENUM_HOST,1801.3260068582154,1806.3260068582154,5.0,19,d251d469-a4b9-4959-945f-294222864a01,None,None,1,177,13,[],None,None
SCAN_PORT,1806.3260068582154,1831.3260068582154,25.0,20,f27ff0dc-949b-4851-8e40-b212d9f02c29,20,f27ff0dc-949b-4851-8e40-b212d9f02c29,1,177,13,[],None,None
SCAN_NEIGHBOR,1831.3260068582154,1836.3260068582154,5.0,20,f27ff0dc-949b-4851-8e40-b212d9f02c29,None,None,1,177,14,[],None,None
ENUM_HOST,1836.3260068582154,1841.3260068582154,5.0,20,f27ff0dc-949b-4851-8e40-b212d9f02c29,None,None,1,177,14,[],None,None
ENUM_HOST,1841.3260068582154,1846.3260068582154,5.0,19,d251d469-a4b9-4959-945f-294222864a01,None,None,2,177,14,[],None,None
SCAN_PORT,1846.3260068582154,1871.3260068582154,25.0,17,033313fb-2846-4801-83a7-10f3f95f48ef,None,None,2,177,14,[],None,None
EXPLOIT_VULN,1871.3260068582154,1892.6446009056763,21.31859404746092,17,033313fb-2846-4801-83a7-10f3f95f48ef,None,None,2,177,14,[],None,None
BRUTE_FORCE,1892.6446009056763,1912.6446009056763,20.0,17,033313fb-2846-4801-83a7-10f3f95f48ef,None,None,2,178,14,[],None,None
ENUM_HOST,1912.6446009056763,1917.6446009056763,5.0,17,033313fb-2846-4801-83a7-10f3f95f48ef,None,None,2,178,14,[],None,None
SCAN_PORT,1917.6446009056763,1942.6446009056763,25.0,16,670fdf14-66c7-4381-9e48-1d2a35f145e1,16,670fdf14-66c7-4381-9e48-1d2a35f145e1,1,178,14,['Suzette'],None,None
SCAN_NEIGHBOR,1942.6446009056763,1947.6446009056763,5.0,16,670fdf14-66c7-4381-9e48-1d2a35f145e1,None,None,1,178,15,[],None,None
ENUM_HOST,1947.6446009056763,1952.6446009056763,5.0,16,670fdf14-66c7-4381-9e48-1d2a35f145e1,None,None,1,178,15,[],None,None
SCAN_PORT,1952.6446009056763,1977.6446009056763,25.0,22,8e9d563e-48f0-4df6-86d9-7e1b9b504efc,None,None,1,178,15,[],None,None
EXPLOIT_VULN,1977.6446009056763,1979.2702844853209,1.6256835796446012,22,8e9d563e-48f0-4df6-86d9-7e1b9b504efc,None,None,1,178,15,[],None,None
EXPLOIT_VULN,1979.2702844853209,1988.6999880068531,9.429703521532247,22,8e9d563e-48f0-4df6-86d9-7e1b9b504efc,None,None,1,179,15,[],None,None
EXPLOIT_VULN,1988.6999880068531,1997.3577810007291,8.657792993876,22,8e9d563e-48f0-4df6-86d9-7e1b9b504efc,None,None,1,180,15,[],None,None
EXPLOIT_VULN,1997.3577810007291,2002.4867229746064,5.128941973877318,22,8e9d563e-48f0-4df6-86d9-7e1b9b504efc,None,None,1,181,15,[],None,None
EXPLOIT_VULN,2002.4867229746064,2017.8182573458341,15.33153437122769,22,8e9d563e-48f0-4df6-86d9-7e1b9b504efc,None,None,1,182,15,[],None,None
EXPLOIT_VULN,2017.8182573458341,2026.928879697317,9.110622351482789,22,8e9d563e-48f0-4df6-86d9-7e1b9b504efc,None,None,1,183,15,[],None,None
EXPLOIT_VULN,2026.928879697317,2032.9869207324773,6.058041035160386,22,8e9d563e-48f0-4df6-86d9-7e1b9b504efc,None,None,1,184,15,[],None,None
EXPLOIT_VULN,2032.9869207324773,2039.9197321597053,6.932811427227989,22,8e9d563e-48f0-4df6-86d9-7e1b9b504efc,None,None,1,185,15,[],None,None
EXPLOIT_VULN,2039.9197321597053,2045.731685666966,5.811953507260796,22,8e9d563e-48f0-4df6-86d9-7e1b9b504efc,None,None,1,186,15,[],None,None
EXPLOIT_VULN,2045.731685666966,2053.238109973414,7.506424306447798,22,8e9d563e-48f0-4df6-86d9-7e1b9b504efc,None,None,1,187,15,[],None,None
EXPLOIT_VULN,2053.238109973414,2061.3916172204194,8.153507247005564,22,8e9d563e-48f0-4df6-86d9-7e1b9b504efc,None,None,1,188,15,[],None,None
EXPLOIT_VULN,2061.3916172204194,2067.6357066322353,6.244089411815821,22,8e9d563e-48f0-4df6-86d9-7e1b9b504efc,None,None,1,189,15,[],None,None
EXPLOIT_VULN,2067.6357066322353,2070.7088672531,3.0731606208646554,22,8e9d563e-48f0-4df6-86d9-7e1b9b504efc,None,None,1,190,15,[],None,None
EXPLOIT_VULN,2070.7088672531,2074.5129155580057,3.804048304905791,22,8e9d563e-48f0-4df6-86d9-7e1b9b504efc,None,None,1,191,15,[],None,None
EXPLOIT_VULN,2074.5129155580057,2081.577546947274,7.06463138926847,22,8e9d563e-48f0-4df6-86d9-7e1b9b504efc,None,None,1,192,15,[],None,None
EXPLOIT_VULN,2081.577546947274,2086.5344437844237,4.956896837149543,22,8e9d563e-48f0-4df6-86d9-7e1b9b504efc,None,None,1,193,15,[],None,None
EXPLOIT_VULN,2086.5344437844237,2090.7427546447484,4.208310860324673,22,8e9d563e-48f0-4df6-86d9-7e1b9b504efc,None,None,1,194,15,[],None,None
EXPLOIT_VULN,2090.7427546447484,2097.1765410882863,6.433786443537883,22,8e9d563e-48f0-4df6-86d9-7e1b9b504efc,None,None,1,195,15,[],None,None
EXPLOIT_VULN,2097.1765410882863,2102.4425059374366,5.26596484915035,22,8e9d563e-48f0-4df6-86d9-7e1b9b504efc,22,8e9d563e-48f0-4df6-86d9-7e1b9b504efc,1,196,15,['Kitty'],None,None
SCAN_NEIGHBOR,2102.4425059374366,2107.4425059374366,5.0,22,8e9d563e-48f0-4df6-86d9-7e1b9b504efc,None,None,1,197,16,[],None,None
ENUM_HOST,2107.4425059374366,2112.4425059374366,5.0,22,8e9d563e-48f0-4df6-86d9-7e1b9b504efc,None,None,1,197,16,[],None,None
SCAN_PORT,2112.4425059374366,2137.4425059374366,25.0,17,033313fb-2846-4801-83a7-10f3f95f48ef,None,None,3,197,16,[],None,None
BRUTE_FORCE,2137.4425059374366,2157.4425059374366,20.0,17,033313fb-2846-4801-83a7-10f3f95f48ef,None,None,3,197,16,[],None,None
ENUM_HOST,2157.4425059374366,2162.4425059374366,5.0,17,033313fb-2846-4801-83a7-10f3f95f48ef,None,None,3,197,16,[],None,None
ENUM_HOST,2162.4425059374366,2167.4425059374366,5.0,16,670fdf14-66c7-4381-9e48-1d2a35f145e1,None,None,2,197,16,[],None,None
SCAN_PORT,2167.4425059374366,2192.4425059374366,25.0,21,8c850619-c0e4-4dfe-83e8-591fbc7dc7fc,21,8c850619-c0e4-4dfe-83e8-591fbc7dc7fc,1,197,16,['Ange'],None,None
SCAN_NEIGHBOR,2192.4425059374366,2197.4425059374366,5.0,21,8c850619-c0e4-4dfe-83e8-591fbc7dc7fc,None,None,1,197,17,[],None,None
ENUM_HOST,2197.4425059374366,2202.4425059374366,5.0,21,8c850619-c0e4-4dfe-83e8-591fbc7dc7fc,None,None,1,197,17,[],None,None
SCAN_PORT,2202.4425059374366,2227.4425059374366,25.0,17,033313fb-2846-4801-83a7-10f3f95f48ef,None,None,4,197,17,[],None,None
BRUTE_FORCE,2227.4425059374366,2247.4425059374366,20.0,17,033313fb-2846-4801-83a7-10f3f95f48ef,None,None,4,197,17,[],None,None
ENUM_HOST,2247.4425059374366,2252.4425059374366,5.0,17,033313fb-2846-4801-83a7-10f3f95f48ef,None,None,4,197,17,[],None,None
SCAN_PORT,2252.4425059374366,2277.4425059374366,25.0,23,ce3f96cd-8cbb-4647-933b-1c940e84277c,None,None,1,197,17,[],None,None
EXPLOIT_VULN,2277.4425059374366,2282.341822120264,4.899316182827533,23,ce3f96cd-8cbb-4647-933b-1c940e84277c,None,None,1,197,17,[],None,None
EXPLOIT_VULN,2282.341822120264,2283.774325965075,1.4325038448109808,23,ce3f96cd-8cbb-4647-933b-1c940e84277c,None,None,1,198,17,[],None,None
EXPLOIT_VULN,2283.774325965075,2288.359260588681,4.584934623605932,23,ce3f96cd-8cbb-4647-933b-1c940e84277c,None,None,1,199,17,[],None,None
EXPLOIT_VULN,2288.359260588681,2294.060971463213,5.701710874531727,23,ce3f96cd-8cbb-4647-933b-1c940e84277c,None,None,1,200,17,[],None,None
EXPLOIT_VULN,2294.060971463213,2296.691885133693,2.6309136704803677,23,ce3f96cd-8cbb-4647-933b-1c940e84277c,None,None,1,201,17,[],None,None
EXPLOIT_VULN,2296.691885133693,2301.1939215503344,4.502036416641204,23,ce3f96cd-8cbb-4647-933b-1c940e84277c,None,None,1,202,17,[],None,None
EXPLOIT_VULN,2301.1939215503344,2318.743896569613,17.549975019278463,23,ce3f96cd-8cbb-4647-933b-1c940e84277c,None,None,1,203,17,[],None,None
EXPLOIT_VULN,2318.743896569613,2323.671999910441,4.928103340828329,23,ce3f96cd-8cbb-4647-933b-1c940e84277c,None,None,1,204,17,[],None,None
EXPLOIT_VULN,2323.671999910441,2324.6077094712355,0.9357095607942938,23,ce3f96cd-8cbb-4647-933b-1c940e84277c,None,None,1,205,17,[],None,None
EXPLOIT_VULN,2324.6077094712355,2342.004125336913,17.39641586567768,23,ce3f96cd-8cbb-4647-933b-1c940e84277c,None,None,1,206,17,[],None,None
EXPLOIT_VULN,2342.004125336913,2345.0308522236983,3.026726886785127,23,ce3f96cd-8cbb-4647-933b-1c940e84277c,None,None,1,207,17,[],None,None
EXPLOIT_VULN,2345.0308522236983,2351.3220364736644,6.291184249966136,23,ce3f96cd-8cbb-4647-933b-1c940e84277c,None,None,1,208,17,[],None,None
EXPLOIT_VULN,2351.3220364736644,2360.902016258467,9.579979784802617,23,ce3f96cd-8cbb-4647-933b-1c940e84277c,None,None,1,209,17,[],None,None
EXPLOIT_VULN,2360.902016258467,2368.429691285849,7.527675027381974,23,ce3f96cd-8cbb-4647-933b-1c940e84277c,23,ce3f96cd-8cbb-4647-933b-1c940e84277c,1,210,17,[],None,None
SCAN_NEIGHBOR,2368.429691285849,2373.429691285849,5.0,23,ce3f96cd-8cbb-4647-933b-1c940e84277c,None,None,1,211,18,[],None,None
ENUM_HOST,2373.429691285849,2378.429691285849,5.0,23,ce3f96cd-8cbb-4647-933b-1c940e84277c,None,None,1,211,18,[],None,None
ENUM_HOST,2378.429691285849,2383.429691285849,5.0,21,8c850619-c0e4-4dfe-83e8-591fbc7dc7fc,None,None,2,211,18,[],None,None
SCAN_PORT,2383.429691285849,2408.429691285849,25.0,17,033313fb-2846-4801-83a7-10f3f95f48ef,None,None,5,211,18,[],None,None
BRUTE_FORCE,2408.429691285849,2428.429691285849,20.0,17,033313fb-2846-4801-83a7-10f3f95f48ef,None,None,5,211,18,[],None,None
ENUM_HOST,2428.429691285849,2433.429691285849,5.0,17,033313fb-2846-4801-83a7-10f3f95f48ef,None,None,5,211,18,[],None,None
ENUM_HOST,2433.429691285849,2438.429691285849,5.0,16,670fdf14-66c7-4381-9e48-1d2a35f145e1,None,None,3,211,18,[],None,None
SCAN_PORT,2438.429691285849,2463.429691285849,25.0,24,6b704ce9-ce51-4c9f-a9bb-772c3f933a10,None,None,1,211,18,[],None,None
EXPLOIT_VULN,2463.429691285849,2464.759527140959,1.3298358551101046,24,6b704ce9-ce51-4c9f-a9bb-772c3f933a10,None,None,1,211,18,[],None,None
EXPLOIT_VULN,2464.759527140959,2467.6788053224204,2.9192781814613227,24,6b704ce9-ce51-4c9f-a9bb-772c3f933a10,None,None,1,212,18,[],None,None
EXPLOIT_VULN,2467.6788053224204,2471.82267071132,4.143865388899485,24,6b704ce9-ce51-4c9f-a9bb-772c3f933a10,None,None,1,213,18,[],None,None
EXPLOIT_VULN,2471.82267071132,2474.9287548078296,3.106084096509676,24,6b704ce9-ce51-4c9f-a9bb-772c3f933a10,None,None,1,214,18,[],None,None
EXPLOIT_VULN,2474.9287548078296,2481.6765253562394,6.74777054840979,24,6b704ce9-ce51-4c9f-a9bb-772c3f933a10,None,None,1,215,18,[],None,None
EXPLOIT_VULN,2481.6765253562394,2488.0105894459984,6.334064089759067,24,6b704ce9-ce51-4c9f-a9bb-772c3f933a10,None,None,1,216,18,[],None,None
EXPLOIT_VULN,2488.0105894459984,2491.3685486360623,3.357959190063866,24,6b704ce9-ce51-4c9f-a9bb-772c3f933a10,None,None,1,217,18,[],None,None
EXPLOIT_VULN,2491.3685486360623,2494.357871192262,2.9893225561995678,24,6b704ce9-ce51-4c9f-a9bb-772c3f933a10,24,6b704ce9-ce51-4c9f-a9bb-772c3f933a10,1,218,18,[],None,None
SCAN_NEIGHBOR,2494.357871192262,2499.357871192262,5.0,24,6b704ce9-ce51-4c9f-a9bb-772c3f933a10,None,None,1,219,19,[],None,None
ENUM_HOST,2499.357871192262,2504.357871192262,5.0,24,6b704ce9-ce51-4c9f-a9bb-772c3f933a10,None,None,1,219,19,[],None,None
ENUM_HOST,2504.357871192262,2509.357871192262,5.0,16,670fdf14-66c7-4381-9e48-1d2a35f145e1,None,None,4,219,19,[],None,None
SCAN_PORT,2509.357871192262,2534.357871192262,25.0,17,033313fb-2846-4801-83a7-10f3f95f48ef,None,None,6,219,19,[],None,None
BRUTE_FORCE,2534.357871192262,2554.357871192262,20.0,17,033313fb-2846-4801-83a7-10f3f95f48ef,None,None,6,219,19,[],None,None
ENUM_HOST,2554.357871192262,2559.357871192262,5.0,17,033313fb-2846-4801-83a7-10f3f95f48ef,None,None,6,219,19,[],None,None
ENUM_HOST,2559.357871192262,2564.357871192262,5.0,19,d251d469-a4b9-4959-945f-294222864a01,None,None,3,219,19,[],None,None
ENUM_HOST,2564.357871192262,2569.357871192262,5.0,25,bf70196e-8eac-49c1-b0b1-26e58d0a599b,None,None,2,219,19,[],None,None
ENUM_HOST,2569.357871192262,2574.357871192262,5.0,12,468ec7b5-e245-42a1-bd26-ef095c421546,None,None,2,219,19,[],None,None
SCAN_PORT,2574.357871192262,2599.357871192262,25.0,26,1e67c6ec-2aea-41be-a83f-1a0733f6d975,26,1e67c6ec-2aea-41be-a83f-1a0733f6d975,1,219,19,[],None,None
SCAN_NEIGHBOR,2599.357871192262,2604.357871192262,5.0,26,1e67c6ec-2aea-41be-a83f-1a0733f6d975,None,None,1,219,20,[],None,None
ENUM_HOST,2604.357871192262,2609.357871192262,5.0,26,1e67c6ec-2aea-41be-a83f-1a0733f6d975,None,None,1,219,20,[],None,None
ENUM_HOST,2609.357871192262,2614.357871192262,5.0,25,bf70196e-8eac-49c1-b0b1-26e58d0a599b,None,None,3,219,20,[],None,None
SCAN_PORT,2614.357871192262,2639.357871192262,25.0,28,a33925c0-8b8b-443a-b03e-ecc9f0aea092,28,a33925c0-8b8b-443a-b03e-ecc9f0aea092,1,219,20,[],None,None
SCAN_NEIGHBOR,2639.357871192262,2644.357871192262,5.0,28,a33925c0-8b8b-443a-b03e-ecc9f0aea092,None,None,1,219,21,[],None,None
ENUM_HOST,2644.357871192262,2649.357871192262,5.0,28,a33925c0-8b8b-443a-b03e-ecc9f0aea092,None,None,1,219,21,[],None,None
ENUM_HOST,2649.357871192262,2654.357871192262,5.0,25,bf70196e-8eac-49c1-b0b1-26e58d0a599b,None,None,4,219,21,[],None,None
SCAN_PORT,2654.357871192262,2679.357871192262,25.0,31,eb4bd810-d33b-4035-b6f9-835a514464e0,None,None,1,219,21,[],None,None
EXPLOIT_VULN,2679.357871192262,2681.3420853643734,1.9842141721114785,31,eb4bd810-d33b-4035-b6f9-835a514464e0,None,None,1,219,21,[],None,None
EXPLOIT_VULN,2681.3420853643734,2690.411643968866,9.069558604492613,31,eb4bd810-d33b-4035-b6f9-835a514464e0,None,None,1,220,21,[],None,None
EXPLOIT_VULN,2690.411643968866,2694.047340421083,3.635696452216962,31,eb4bd810-d33b-4035-b6f9-835a514464e0,None,None,1,221,21,[],None,None
EXPLOIT_VULN,2694.047340421083,2700.5862463303965,6.538905909313598,31,eb4bd810-d33b-4035-b6f9-835a514464e0,None,None,1,222,21,[],None,None
EXPLOIT_VULN,2700.5862463303965,2721.0751923976095,20.488946067212964,31,eb4bd810-d33b-4035-b6f9-835a514464e0,None,None,1,223,21,[],None,None
EXPLOIT_VULN,2721.0751923976095,2727.923893376802,6.848700979192472,31,eb4bd810-d33b-4035-b6f9-835a514464e0,None,None,1,224,21,[],None,None
EXPLOIT_VULN,2727.923893376802,2750.0934754173572,22.16958204055527,31,eb4bd810-d33b-4035-b6f9-835a514464e0,None,None,1,225,21,[],None,None
EXPLOIT_VULN,2750.0934754173572,2759.3573401066005,9.263864689243292,31,eb4bd810-d33b-4035-b6f9-835a514464e0,None,None,1,226,21,[],None,None
EXPLOIT_VULN,2759.3573401066005,2781.3729914619735,22.01565135537294,31,eb4bd810-d33b-4035-b6f9-835a514464e0,None,None,1,227,21,[],None,None
BRUTE_FORCE,2781.3729914619735,2801.3729914619735,20.0,31,eb4bd810-d33b-4035-b6f9-835a514464e0,None,None,1,228,21,[],None,None
ENUM_HOST,2801.3729914619735,2806.3729914619735,5.0,31,eb4bd810-d33b-4035-b6f9-835a514464e0,None,None,1,228,21,[],None,None
SCAN_PORT,2806.3729914619735,2831.3729914619735,25.0,32,e2ee722a-8507-4890-8331-7cbd70d760a8,32,e2ee722a-8507-4890-8331-7cbd70d760a8,1,228,21,[],None,None
SCAN_NEIGHBOR,2831.3729914619735,2836.3729914619735,5.0,32,e2ee722a-8507-4890-8331-7cbd70d760a8,None,None,1,228,22,[],None,None
ENUM_HOST,2836.3729914619735,2841.3729914619735,5.0,32,e2ee722a-8507-4890-8331-7cbd70d760a8,None,None,1,228,22,[],None,None
SCAN_PORT,2841.3729914619735,2866.3729914619735,25.0,33,9d4331fe-16ca-4433-8eb5-4d949333646a,None,None,1,228,22,[],None,None
EXPLOIT_VULN,2866.3729914619735,2867.8247475727608,1.4517561107873007,33,9d4331fe-16ca-4433-8eb5-4d949333646a,None,None,1,228,22,[],None,None
EXPLOIT_VULN,2867.8247475727608,2873.818589851951,5.993842279190176,33,9d4331fe-16ca-4433-8eb5-4d949333646a,None,None,1,229,22,[],None,None
EXPLOIT_VULN,2873.818589851951,2878.6420131597447,4.823423307793746,33,9d4331fe-16ca-4433-8eb5-4d949333646a,None,None,1,230,22,[],None,None
EXPLOIT_VULN,2878.6420131597447,2887.9680244202073,9.326011260462565,33,9d4331fe-16ca-4433-8eb5-4d949333646a,None,None,1,231,22,[],None,None
EXPLOIT_VULN,2887.9680244202073,2893.1322637537887,5.164239333581463,33,9d4331fe-16ca-4433-8eb5-4d949333646a,None,None,1,232,22,[],None,None
EXPLOIT_VULN,2893.1322637537887,2899.5498389647337,6.41757521094496,33,9d4331fe-16ca-4433-8eb5-4d949333646a,None,None,1,233,22,[],None,None
EXPLOIT_VULN,2899.5498389647337,2913.2828026002776,13.73296363554391,33,9d4331fe-16ca-4433-8eb5-4d949333646a,None,None,1,234,22,[],None,None
EXPLOIT_VULN,2913.2828026002776,2922.399831404831,9.117028804553229,33,9d4331fe-16ca-4433-8eb5-4d949333646a,None,None,1,235,22,[],None,None
EXPLOIT_VULN,2922.399831404831,2924.7508378696875,2.3510064648567095,33,9d4331fe-16ca-4433-8eb5-4d949333646a,None,None,1,236,22,[],None,None
EXPLOIT_VULN,2924.7508378696875,2935.0014314064133,10.250593536725773,33,9d4331fe-16ca-4433-8eb5-4d949333646a,None,None,1,237,22,[],None,None
EXPLOIT_VULN,2935.0014314064133,2940.2534532843347,5.252021877921379,33,9d4331fe-16ca-4433-8eb5-4d949333646a,None,None,1,238,22,[],None,None
EXPLOIT_VULN,2940.2534532843347,2949.276579358139,9.023126073804178,33,9d4331fe-16ca-4433-8eb5-4d949333646a,None,None,1,239,22,[],None,None
EXPLOIT_VULN,2949.276579358139,2955.908413901744,6.631834543605237,33,9d4331fe-16ca-4433-8eb5-4d949333646a,None,None,1,240,22,[],None,None
EXPLOIT_VULN,2955.908413901744,2957.1941905180497,1.2857766163056112,33,9d4331fe-16ca-4433-8eb5-4d949333646a,None,None,1,241,22,[],None,None
EXPLOIT_VULN,2957.1941905180497,2968.0795792803387,10.88538876228904,33,9d4331fe-16ca-4433-8eb5-4d949333646a,None,None,1,242,22,[],None,None
EXPLOIT_VULN,2968.0795792803387,2980.4516779459927,12.372098665653994,33,9d4331fe-16ca-4433-8eb5-4d949333646a,None,None,1,243,22,[],None,None
EXPLOIT_VULN,2980.4516779459927,2991.9855883695705,11.533910423577709,33,9d4331fe-16ca-4433-8eb5-4d949333646a,None,None,1,244,22,[],None,None
EXPLOIT_VULN,2991.9855883695705,2998.50561477605,6.520026406479701,33,9d4331fe-16ca-4433-8eb5-4d949333646a,None,None,1,245,22,[],None,None
